6d2c5313-0889-4af4-97be-79587bd61039;admin;admin;Admin;0f26d092-81a5-44c2-a71b-76c4949350e3
49e33550-b9b6-457f-869a-d765f50c3480;tt;tt;User;123e34f9-ea60-473e-985d-4cd2a73e018d
632fdac2-1e52-4e0e-996f-f0cf06eb2840;tt;tt;User;306ff669-8e12-405f-a18e-4a48fadf807e
aad6fa01-576f-413e-a930-4f408c424af2;rr;rrr;User;3d60a163-87b4-499d-be44-d821c3ffbf30
e8035414-cd0e-47e5-80c3-d36def741928;uu;uu;Admin;7bb419e3-9575-425d-8583-7fd55c31f749
c8fbd6a8-ba33-4860-9ad7-3540aee47dbd;a;a;User;16dec620-9b9c-4c78-88d2-30920608fa1d
4e683e55-9a9e-4f2c-bc19-49f8762a77b5;rereew;werw;User;81f81723-2a20-42e3-928d-33e70e5b14eb
e9b197d4-896d-4ef8-b9d9-cacd65d98ffe;gg;rg;User;4a031d90-2db4-4473-89f7-03220957d322
f76a663b-1465-45cd-b647-2f96a8744de3;jgf;fj;User;ee005bb5-0641-4ca5-bf12-e531d18d6b83
b06759e4-90f5-462a-8bff-16f1fc6f71fc;gsdgs;sdgss;User;19eaa98c-0dc4-4465-87b9-8fdd33c2aada
9e7ff7b7-32aa-4267-8c7a-4cc37fb681d4;gsg;gsd;User;9510d0dd-7069-46a0-bdb6-79074b9ac2c4
3ab4517d-f902-4f3f-a53a-46071356af4c;ll;ll;User;0cdf387b-5efa-430b-b76a-a979044edce0
